01,79003334455,79001112233,2024-03-25T13:15:42,2024-03-25T14:08:20
01,79001112233,79005556677,2024-03-26T01:31:24,2024-03-26T01:57:05
02,79001112233,79009990011,2024-03-27T08:58:44,2024-03-27T09:02
02,79001112233,79009990011,2024-03-28T04:27:50,2024-03-28T04:59:29
01,79003334455,79001112233,2024-03-28T09:24:31,2024-03-28T09:37:50
02,79007778899,79001112233,2024-03-30T13:29:48,2024-03-30T14:26:48
01,79001112233,79000001122,2024-03-31T07:12:12,2024-03-31T07:53:38
01,79004445566,79001112233,2024-03-31T17:28:13,2024-03-31T17:37:51
02,79001112233,79003334455,2024-04-01T01:04:54,2024-04-01T01:54:41
01,79009990011,79001112233,2024-04-01T20:27:03,2024-04-01T20:29:54
01,79000001122,79001112233,2024-04-03T05:29:56,2024-04-03T05:30:33
02,79004445566,79001112233,2024-04-04T19:39:37,2024-04-04T19:52:12
02,79003334455,79001112233,2024-04-04T20:38:10,2024-04-04T21:00:22
02,79001112233,79000001122,2024-04-06T09:48:40,2024-04-06T10:37:08
01,79005556677,79001112233,2024-04-06T17:09:54,2024-04-06T17:35:25
02,79007778899,79001112233,2024-04-07T03:46:27,2024-04-07T04:23:18
01,79009990011,79001112233,2024-04-08T18:11:49,2024-04-08T18:56:26
02,79001112233,79003334455,2024-04-08T20:45:06,2024-04-08T21:00:40
01,79006667788,79001112233,2024-04-10T14:05:56,2024-04-10T14:06:36
02,79001112233,79008889900,2024-04-11T05:43:17,2024-04-11T06:37:11
02,79001112233,79005556677,2024-04-11T05:52:40,2024-04-11T06:51:59
01,79008889900,79001112233,2024-04-11T18:17:47,2024-04-11T18:34:10
02,79001112233,79008889900,2024-04-12T13:39:54,2024-04-12T14:13:26
02,79001112233,79008889900,2024-04-12T16:47:01,2024-04-12T17:17:34
01,79001112233,79000001122,2024-04-13T20:23:21,2024-04-13T20:39:48
01,79006667788,79001112233,2024-04-14T08:34:25,2024-04-14T09:10:38
02,79001112233,79005556677,2024-04-15T14:42:05,2024-04-15T14:42:30
02,79001112233,79005556677,2024-04-15T16:41:17,2024-04-15T17:16:38
02,79006667788,79001112233,2024-04-17T03:57:25,2024-04-17T04:55:17
02,79001112233,79007778899,2024-04-17T11:44:22,2024-04-17T12:22:52
01,79001112233,79005556677,2024-04-17T13:15:15,2024-04-17T13:59:46
01,79001112233,79008889900,2024-04-17T23:08:29,2024-04-17T23:54:16
01,79002223344,79001112233,2024-04-18T10:10:12,2024-04-18T10:57:22
02,79005556677,79001112233,2024-04-18T13:14:50,2024-04-18T13:24:11
02,79005556677,79001112233,2024-04-18T20:21:28,2024-04-18T20:32:19
01,79001112233,79009990011,2024-04-19T08:06,2024-04-19T08:13:58
02,79001112233,79009990011,2024-04-19T15:11:09,2024-04-19T16:04:41
02,79001112233,79000001122,2024-04-19T16:47:33,2024-04-19T16:56:16
02,79001112233,79000001122,2024-04-19T18:46:11,2024-04-19T19:16:22
01,79001112233,79007778899,2024-04-19T21:37:14,2024-04-19T22:19:55
01,79001112233,79009990011,2024-04-21T06:18:28,2024-04-21T07:09:08
02,79005556677,79001112233,2024-04-22T16:37:04,2024-04-22T16:42:41
01,79008889900,79001112233,2024-04-22T18:50:16,2024-04-22T19:04:01
01,79001112233,79005556677,2024-04-23T00:04:34,2024-04-23T00:21:23
02,79001112233,79005556677,2024-04-23T11:28:30,2024-04-23T11:57:56
01,79007778899,79001112233,2024-04-25T01:15:12,2024-04-25T01:46:28
02,79000001122,79001112233,2024-04-25T06:00:15,2024-04-25T06:37:33
02,79001112233,79005556677,2024-04-25T16:34:36,2024-04-25T17:27:04
01,79007778899,79001112233,2024-04-27T22:39:40,2024-04-27T23:34:53
02,79005556677,79001112233,2024-04-28T06:06:50,2024-04-28T07:00:47
01,79003334455,79001112233,2024-04-28T20:39:07,2024-04-28T21:03:01
01,79001112233,79005556677,2024-04-28T22:00:30,2024-04-28T22:50:49
02,79008889900,79001112233,2024-04-29T18:51:15,2024-04-29T19:23:53
01,79001112233,79003334455,2024-04-29T22:51:08,2024-04-29T23:14:12
01,79001112233,79000001122,2024-04-30T21:58:40,2024-04-30T22:41:05
01,79000001122,79001112233,2024-04-30T23:11:47,2024-05-01T00:05:42
01,79001112233,79004445566,2024-05-01T17:08:34,2024-05-01T17:45:42
02,79001112233,79004445566,2024-05-01T19:31:44,2024-05-01T20:01:21
01,79002223344,79001112233,2024-05-01T23:04:39,2024-05-01T23:42:14
02,79000001122,79001112233,2024-05-04T01:17:57,2024-05-04T02:00:45
01,79008889900,79001112233,2024-05-05T07:58:41,2024-05-05T08:19:14
01,79001112233,79004445566,2024-05-05T18:20:12,2024-05-05T18:55:45
02,79003334455,79001112233,2024-05-05T20:17:25,2024-05-05T21:15:11
01,79001112233,79005556677,2024-05-06T20:27:47,2024-05-06T20:36:42
01,79003334455,79001112233,2024-05-07T04:56:42,2024-05-07T05:34:17
02,79001112233,79002223344,2024-05-08T17:43:51,2024-05-08T17:56:26
02,79008889900,79001112233,2024-05-09T06:37:33,2024-05-09T06:41:16
01,79003334455,79001112233,2024-05-09T06:42:10,2024-05-09T07:16:22
01,79001112233,79003334455,2024-05-09T18:37:56,2024-05-09T19:18:45
01,79006667788,79001112233,2024-05-09T20:39:57,2024-05-09T21:12:11
02,79008889900,79001112233,2024-05-10T04:04:58,2024-05-10T04:21:40
02,79001112233,79003334455,2024-05-10T18:22:25,2024-05-10T18:58:37
01,79001112233,79006667788,2024-05-11T00:12:44,2024-05-11T00:54:44
02,79001112233,79005556677,2024-05-11T03:47:19,2024-05-11T03:57:43
02,79002223344,79001112233,2024-05-11T07:36:20,2024-05-11T08:24:43
02,79001112233,79002223344,2024-05-11T12:01:47,2024-05-11T12:04:43
01,79007778899,79001112233,2024-05-12T20:22:33,2024-05-12T20:43:48
02,79001112233,79009990011,2024-05-13T05:56:25,2024-05-13T06:53:23
01,79005556677,79001112233,2024-05-14T16:57:04,2024-05-14T17:08:08
02,79007778899,79001112233,2024-05-14T22:15:32,2024-05-14T22:54:14
02,79001112233,79007778899,2024-05-15T00:55:20,2024-05-15T01:52:54
01,79005556677,79001112233,2024-05-15T14:27:26,2024-05-15T14:52:27
01,79001112233,79005556677,2024-05-15T17:48:21,2024-05-15T18:36:17
01,79000001122,79001112233,2024-05-16T19:36:52,2024-05-16T20:19:14
02,79000001122,79001112233,2024-05-16T19:54:42,2024-05-16T20:54:24
01,79007778899,79001112233,2024-05-17T03:08:18,2024-05-17T03:27:15
02,79001112233,79000001122,2024-05-17T03:36:46,2024-05-17T04:18:41
01,79005556677,79001112233,2024-05-17T08:53:41,2024-05-17T09:00:13
02,79001112233,79003334455,2024-05-18T15:10:17,2024-05-18T16:00:58
01,79001112233,79005556677,2024-05-18T16:52:58,2024-05-18T17:18:47
02,79001112233,79000001122,2024-05-19T09:59:29,2024-05-19T10:20:25
01,79001112233,79006667788,2024-05-19T17:53:44,2024-05-19T18:39:28
01,79002223344,79001112233,2024-05-21T07:53:04,2024-05-21T08:03:51
02,79001112233,79008889900,2024-05-21T18:09:26,2024-05-21T19:07:43
01,79001112233,79003334455,2024-05-22T06:14:29,2024-05-22T06:55:33
01,79007778899,79001112233,2024-05-22T14:30:06,2024-05-22T15:06:38
02,79009990011,79001112233,2024-05-23T06:26:20,2024-05-23T07:10:30
01,79001112233,79000001122,2024-05-25T19:57,2024-05-25T19:57:17
02,79007778899,79001112233,2024-05-26T08:04:02,2024-05-26T08:47:21
01,79004445566,79001112233,2024-05-29T10:51:50,2024-05-29T11:16:45
01,79006667788,79001112233,2024-05-29T18:13:12,2024-05-29T18:30:17
01,79007778899,79001112233,2024-05-30T00:48:38,2024-05-30T01:34:06
02,79009990011,79001112233,2024-05-30T04:15:42,2024-05-30T04:17:33
02,79008889900,79001112233,2024-05-30T07:35:32,2024-05-30T08:22
02,79001112233,79007778899,2024-05-30T17:26:14,2024-05-30T18:18:12
01,79006667788,79001112233,2024-05-30T18:08:24,2024-05-30T18:57:02
02,79001112233,79005556677,2024-05-30T22:59:53,2024-05-30T23:52:12
02,79009990011,79001112233,2024-05-31T13:15:11,2024-05-31T13:52:23
02,79001112233,79008889900,2024-06-01T13:58:13,2024-06-01T14:36:07
02,79001112233,79002223344,2024-06-02T03:24:58,2024-06-02T04:17:42
02,79001112233,79008889900,2024-06-02T09:48:14,2024-06-02T09:58:45
02,79006667788,79001112233,2024-06-02T18:02:23,2024-06-02T18:50:49
02,79001112233,79003334455,2024-06-04T14:24:32,2024-06-04T15:04:37
01,79004445566,79001112233,2024-06-07T22:13:28,2024-06-07T23:05:05
01,79005556677,79001112233,2024-06-08T00:52:36,2024-06-08T01:03:31
02,79001112233,79004445566,2024-06-08T11:20:45,2024-06-08T12:15:56
01,79002223344,79001112233,2024-06-09T01:24:24,2024-06-09T02:15:56
01,79009990011,79001112233,2024-06-09T03:12:40,2024-06-09T03:13:34
01,79001112233,79008889900,2024-06-09T07:29:06,2024-06-09T07:50:17
02,79001112233,79005556677,2024-06-09T19:42:22,2024-06-09T19:42:57
01,79009990011,79001112233,2024-06-11T07:08:57,2024-06-11T07:33:02
02,79001112233,79007778899,2024-06-11T17:17:14,2024-06-11T17:56:30
01,79000001122,79001112233,2024-06-11T20:01:19,2024-06-11T20:59:22
02,79009990011,79001112233,2024-06-12T22:15:27,2024-06-12T22:19:16
01,79001112233,79005556677,2024-06-13T05:32:38,2024-06-13T06:19:54
01,79001112233,79009990011,2024-06-14T02:09:35,2024-06-14T02:43:49
02,79003334455,79001112233,2024-06-14T02:29:54,2024-06-14T02:31:39
01,79001112233,79009990011,2024-06-14T20:01:10,2024-06-14T20:07:24
02,79001112233,79000001122,2024-06-15T05:26:24,2024-06-15T06:11:37
01,79008889900,79001112233,2024-06-15T12:32,2024-06-15T13:13:14
01,79001112233,79005556677,2024-06-16T12:57,2024-06-16T13:10:28
02,79001112233,79009990011,2024-06-17T03:36:54,2024-06-17T03:38:20
02,79008889900,79001112233,2024-06-17T08:55:10,2024-06-17T09:21:44
02,79004445566,79001112233,2024-06-17T22:38:54,2024-06-17T22:59:13
02,79001112233,79009990011,2024-06-20T01:55:17,2024-06-20T02:39:42
02,79001112233,79000001122,2024-06-20T19:38:32,2024-06-20T20:07:16
01,79009990011,79001112233,2024-06-21T01:39:37,2024-06-21T02:05:07
02,79004445566,79001112233,2024-06-23T02:07:55,2024-06-23T02:25:22
01,79001112233,79002223344,2024-06-23T19:23:08,2024-06-23T19:54:38
02,79002223344,79001112233,2024-06-24T01:50:14,2024-06-24T02:36:04
02,79001112233,79009990011,2024-06-25T02:09:45,2024-06-25T02:37:11
01,79001112233,79002223344,2024-06-25T21:35:38,2024-06-25T21:58:28
02,79001112233,79007778899,2024-06-25T23:19:30,2024-06-26T00:16:42
01,79001112233,79006667788,2024-06-27T16:21:02,2024-06-27T16:39:52
02,79003334455,79001112233,2024-06-28T04:00:36,2024-06-28T04:43:29
01,79008889900,79001112233,2024-06-28T10:56:59,2024-06-28T11:17:01
01,79001112233,79007778899,2024-06-29T04:31:36,2024-06-29T05:24:10
02,79006667788,79001112233,2024-06-29T05:27:43,2024-06-29T05:36:10
01,79001112233,79000001122,2024-06-29T09:03:58,2024-06-29T09:12:34
01,79001112233,79007778899,2024-06-30T00:24:22,2024-06-30T01:06:47
01,79001112233,79000001122,2024-06-30T00:48:11,2024-06-30T01:11:49
01,79000001122,79001112233,2024-07-01T20:10:13,2024-07-01T20:26:44
01,79001112233,79009990011,2024-07-02T13:46:11,2024-07-02T14:34:19
02,79001112233,79009990011,2024-07-03T02:57:06,2024-07-03T03:10:10
02,79007778899,79001112233,2024-07-03T05:01:16,2024-07-03T05:37:26
01,79000001122,79001112233,2024-07-04T04:40:30,2024-07-04T05:25:04
02,79002223344,79001112233,2024-07-05T13:24:14,2024-07-05T13:26:30
02,79000001122,79001112233,2024-07-06T19:01:14,2024-07-06T19:18:51
02,79000001122,79001112233,2024-07-07T07:06:50,2024-07-07T07:11:34
02,79001112233,79000001122,2024-07-07T11:10:48,2024-07-07T11:15:43
02,79002223344,79001112233,2024-07-07T16:02:48,2024-07-07T16:38:29
02,79004445566,79001112233,2024-07-08T17:03:29,2024-07-08T17:54:27
02,79008889900,79001112233,2024-07-09T05:41:23,2024-07-09T06:11:24
02,79003334455,79001112233,2024-07-09T14:30:17,2024-07-09T14:46:32
01,79001112233,79006667788,2024-07-11T04:51:31,2024-07-11T04:55:54
01,79007778899,79001112233,2024-07-11T08:35:51,2024-07-11T09:21:06
01,79001112233,79004445566,2024-07-11T12:35:52,2024-07-11T12:44:35
01,79008889900,79001112233,2024-07-13T07:21:48,2024-07-13T07:43:40
02,79006667788,79001112233,2024-07-13T07:25:18,2024-07-13T08:01:24
01,79002223344,79001112233,2024-07-13T15:50:37,2024-07-13T16:47:12
02,79001112233,79006667788,2024-07-14T19:01:34,2024-07-14T19:44:41
02,79001112233,79005556677,2024-07-15T00:24:16,2024-07-15T00:53:40
01,79001112233,79007778899,2024-07-16T18:23:45,2024-07-16T19:03:03
01,79001112233,79008889900,2024-07-16T18:37:21,2024-07-16T19:15:07
01,79001112233,79008889900,2024-07-17T19:25:39,2024-07-17T19:46:08
02,79001112233,79005556677,2024-07-17T22:03:40,2024-07-17T22:24:56
01,79009990011,79001112233,2024-07-18T21:47:53,2024-07-18T22:45:47
02,79001112233,79008889900,2024-07-20T01:36:53,2024-07-20T01:48:54
01,79001112233,79006667788,2024-07-20T09:07:55,2024-07-20T10:07:20
02,79000001122,79001112233,2024-07-21T02:02:08,2024-07-21T02:02:54
02,79006667788,79001112233,2024-07-21T04:39:17,2024-07-21T05:14:01
02,79001112233,79000001122,2024-07-22T23:41:16,2024-07-23T00:06:43
02,79001112233,79007778899,2024-07-23T11:28:52,2024-07-23T11:41:31
01,79001112233,79005556677,2024-07-24T15:14:31,2024-07-24T15:44:11
02,79001112233,79004445566,2024-07-25T20:14:36,2024-07-25T20:28:28
01,79001112233,79005556677,2024-07-25T22:20:22,2024-07-25T22:58:49
02,79001112233,79005556677,2024-07-27T11:59:29,2024-07-27T12:23:51
01,79001112233,79008889900,2024-07-27T15:34:51,2024-07-27T15:43:02
01,79001112233,79004445566,2024-07-28T05:05:16,2024-07-28T06:04:01
01,79000001122,79001112233,2024-07-29T05:31:53,2024-07-29T06:25:01
01,79001112233,79009990011,2024-07-29T05:51:38,2024-07-29T06:13:30
01,79004445566,79001112233,2024-07-30T17:51:38,2024-07-30T18:45:50
02,79009990011,79001112233,2024-07-31T19:52:30,2024-07-31T20:48:49
02,79004445566,79001112233,2024-08-01T14:28:15,2024-08-01T14:37:47
02,79006667788,79001112233,2024-08-02T04:39:07,2024-08-02T05:07:32
02,79004445566,79001112233,2024-08-03T11:17:11,2024-08-03T12:12:35
02,79001112233,79007778899,2024-08-04T08:15:05,2024-08-04T08:42:59
02,79000001122,79001112233,2024-08-04T16:07:56,2024-08-04T17:06:11
02,79001112233,79004445566,2024-08-04T20:12:55,2024-08-04T20:23:39
02,79001112233,79009990011,2024-08-05T01:15:47,2024-08-05T02:04:27
02,79001112233,79004445566,2024-08-05T02:17:54,2024-08-05T02:58:09
01,79001112233,79006667788,2024-08-05T05:13,2024-08-05T05:27:02
02,79001112233,79009990011,2024-08-05T18:08:15,2024-08-05T18:22:21
02,79008889900,79001112233,2024-08-06T02:32:05,2024-08-06T03:03:23
01,79006667788,79001112233,2024-08-06T06:44:27,2024-08-06T07:16:22
02,79009990011,79001112233,2024-08-06T15:58:31,2024-08-06T16:29:48
02,79002223344,79001112233,2024-08-07T22:22:16,2024-08-07T22:30:10
02,79006667788,79001112233,2024-08-08T16:20:52,2024-08-08T17:14:15
02,79008889900,79001112233,2024-08-09T11:27:33,2024-08-09T12:01
02,79002223344,79001112233,2024-08-09T15:19:25,2024-08-09T15:28:18
02,79001112233,79000001122,2024-08-10T09:48:48,2024-08-10T10:45:25
02,79003334455,79001112233,2024-08-11T02:07:43,2024-08-11T02:24:27
02,79008889900,79001112233,2024-08-11T03:28:47,2024-08-11T03:38:16
02,79001112233,79005556677,2024-08-11T12:43:11,2024-08-11T12:52:45
01,79001112233,79003334455,2024-08-11T14:26:07,2024-08-11T14:26:32
01,79001112233,79004445566,2024-08-13T05:33:36,2024-08-13T06:25:26
02,79003334455,79001112233,2024-08-13T16:32:58,2024-08-13T17:19:16
01,79001112233,79006667788,2024-08-13T17:55:49,2024-08-13T18:32:46
01,79000001122,79001112233,2024-08-13T19:54:48,2024-08-13T20:11:08
01,79001112233,79000001122,2024-08-14T01:45:33,2024-08-14T01:48:06
01,79001112233,79008889900,2024-08-14T18:36,2024-08-14T18:56:53
01,79003334455,79001112233,2024-08-15T19:13:27,2024-08-15T20:11:53
02,79001112233,79003334455,2024-08-16T20:56:51,2024-08-16T21:34:28
02,79001112233,79004445566,2024-08-18T06:04:11,2024-08-18T06:41:49
01,79001112233,79007778899,2024-08-18T07:06:28,2024-08-18T08:01:32
02,79001112233,79006667788,2024-08-18T14:42:03,2024-08-18T15:38:15
01,79001112233,79000001122,2024-08-18T20:12:20,2024-08-18T20:52:48
02,79001112233,79008889900,2024-08-19T04:55:28,2024-08-19T05:36:50
02,79001112233,79002223344,2024-08-20T03:40:51,2024-08-20T04:39:30
02,79001112233,79002223344,2024-08-20T06:24:17,2024-08-20T06:54:19
01,79001112233,79000001122,2024-08-20T22:25:40,2024-08-20T22:57:49
02,79005556677,79001112233,2024-08-21T14:32:54,2024-08-21T14:56:27
01,79005556677,79001112233,2024-08-21T21:25:18,2024-08-21T21:38:01
01,79004445566,79001112233,2024-08-22T11:33:21,2024-08-22T12:13:43
01,79001112233,79005556677,2024-08-22T22:36:08,2024-08-22T22:41:21
02,79001112233,79007778899,2024-08-23T02:35:07,2024-08-23T03:11:26
02,79001112233,79000001122,2024-08-23T13:02:30,2024-08-23T13:02:52
01,79001112233,79004445566,2024-08-25T00:18:48,2024-08-25T00:45:24
01,79001112233,79006667788,2024-08-26T03:00:07,2024-08-26T03:48:18
02,79001112233,79000001122,2024-08-26T05:19:27,2024-08-26T05:41:32
01,79001112233,79003334455,2024-08-26T19:37:39,2024-08-26T20:20:02
01,79001112233,79005556677,2024-08-26T20:03:40,2024-08-26T20:39:49
02,79001112233,79004445566,2024-08-26T20:40:38,2024-08-26T20:50:15
02,79001112233,79000001122,2024-08-27T23:24:09,2024-08-27T23:47:18
01,79001112233,79004445566,2024-08-28T09:11:37,2024-08-28T09:36:54
02,79001112233,79009990011,2024-08-28T09:37:52,2024-08-28T10:06:22
02,79003334455,79001112233,2024-08-28T17:25:24,2024-08-28T17:26:34
01,79007778899,79001112233,2024-08-29T03:18:57,2024-08-29T03:50:18
01,79003334455,79001112233,2024-08-30T11:12,2024-08-30T11:46:09
02,79004445566,79001112233,2024-08-30T11:34:50,2024-08-30T12:29:39
02,79001112233,79000001122,2024-08-30T17:36:04,2024-08-30T18:31:37
01,79001112233,79005556677,2024-08-30T20:12:44,2024-08-30T21:12
01,79001112233,79003334455,2024-08-30T23:01:41,2024-08-30T23:47:09
02,79008889900,79001112233,2024-09-02T04:22:05,2024-09-02T05:09:51
01,79000001122,79001112233,2024-09-02T15:30:08,2024-09-02T15:33:12
02,79008889900,79001112233,2024-09-03T04:33:47,2024-09-03T05:00:41
02,79001112233,79000001122,2024-09-03T19:23:33,2024-09-03T20:00:01
01,79005556677,79001112233,2024-09-04T10:10:07,2024-09-04T10:47:13
02,79002223344,79001112233,2024-09-05T19:10:25,2024-09-05T19:20:35
01,79009990011,79001112233,2024-09-06T09:03:13,2024-09-06T09:14:14
01,79003334455,79001112233,2024-09-07T06:46:21,2024-09-07T06:50:12
02,79003334455,79001112233,2024-09-08T14:04:56,2024-09-08T14:16:15
01,79003334455,79001112233,2024-09-09T15:46:02,2024-09-09T16:22:12
02,79003334455,79001112233,2024-09-09T19:15:44,2024-09-09T19:19:35
02,79001112233,79000001122,2024-09-10T04:25:23,2024-09-10T05:17:58
01,79001112233,79004445566,2024-09-10T19:52:34,2024-09-10T20:17:34
02,79002223344,79001112233,2024-09-11T17:30:15,2024-09-11T18:09:36
02,79005556677,79001112233,2024-09-12T12:45:45,2024-09-12T12:57:39
02,79002223344,79001112233,2024-09-13T03:30:09,2024-09-13T03:32:45
02,79001112233,79002223344,2024-09-14T01:17:09,2024-09-14T01:46:15
01,79009990011,79001112233,2024-09-14T20:11:28,2024-09-14T21:06:05
01,79001112233,79008889900,2024-09-14T22:41:48,2024-09-14T22:55:53
01,79003334455,79001112233,2024-09-17T01:11:31,2024-09-17T01:42:52
02,79008889900,79001112233,2024-09-18T12:44:10,2024-09-18T13:19:53
01,79001112233,79006667788,2024-09-19T04:35:13,2024-09-19T05:27:06
01,79001112233,79003334455,2024-09-20T11:46:59,2024-09-20T11:56:06
01,79001112233,79006667788,2024-09-20T22:17:24,2024-09-20T22:59:04
01,79006667788,79001112233,2024-09-21T19:52:07,2024-09-21T20:22:56
01,79001112233,79004445566,2024-09-22T00:32:53,2024-09-22T01:28:59
01,79001112233,79005556677,2024-09-24T14:19:06,2024-09-24T15:03:45
02,79001112233,79008889900,2024-09-24T16:09:45,2024-09-24T16:53:07
01,79003334455,79001112233,2024-09-24T20:59:13,2024-09-24T21:43:04
02,79001112233,79006667788,2024-09-25T05:19:47,2024-09-25T05:36:05
02,79008889900,79001112233,2024-09-25T18:08:04,2024-09-25T18:45:55
02,79004445566,79001112233,2024-09-25T19:42:52,2024-09-25T20:02:51
01,79001112233,79003334455,2024-09-25T20:51:59,2024-09-25T21:26:30
02,79006667788,79001112233,2024-09-26T15:58:26,2024-09-26T16:02:05
02,79007778899,79001112233,2024-09-27T21:27:04,2024-09-27T21:29:04
02,79001112233,79008889900,2024-09-27T22:22:54,2024-09-27T22:43:05
02,79001112233,79004445566,2024-09-28T08:14:50,2024-09-28T09:05:08
01,79001112233,79004445566,2024-09-28T08:37:55,2024-09-28T09:16:55
02,79001112233,79005556677,2024-09-28T12:26:15,2024-09-28T13:13:43
01,79005556677,79001112233,2024-09-29T02:53:39,2024-09-29T02:59:27
02,79005556677,79001112233,2024-09-29T12:46:16,2024-09-29T13:02:43
01,79002223344,79001112233,2024-09-29T22:21:48,2024-09-29T23:04:42
01,79001112233,79004445566,2024-09-30T02:43:55,2024-09-30T03:28:22
01,79001112233,79007778899,2024-10-01T04:36:04,2024-10-01T05:18:03
02,79001112233,79005556677,2024-10-01T11:55:58,2024-10-01T12:50:47
01,79001112233,79007778899,2024-10-02T00:44:27,2024-10-02T01:33:50
01,79004445566,79001112233,2024-10-02T05:50:19,2024-10-02T06:20:21
01,79001112233,79004445566,2024-10-02T13:20:53,2024-10-02T14:11:28
01,79009990011,79001112233,2024-10-03T11:40:23,2024-10-03T11:42:38
01,79007778899,79001112233,2024-10-05T20:19:42,2024-10-05T20:39:32
01,79000001122,79001112233,2024-10-06T14:51:28,2024-10-06T15:44:41
02,79001112233,79009990011,2024-10-08T20:55:46,2024-10-08T21:27:16
02,79001112233,79004445566,2024-10-09T17:16:42,2024-10-09T17:49:28
02,79008889900,79001112233,2024-10-10T06:49:04,2024-10-10T07:42:23
02,79006667788,79001112233,2024-10-10T16:36:24,2024-10-10T17:20:59
02,79008889900,79001112233,2024-10-11T15:49:51,2024-10-11T16:25:53
02,79003334455,79001112233,2024-10-12T00:09:29,2024-10-12T00:25:42
01,79001112233,79008889900,2024-10-12T11:41:54,2024-10-12T11:42:06
01,79000001122,79001112233,2024-10-13T03:30:57,2024-10-13T04:01:42
01,79008889900,79001112233,2024-10-13T21:19:12,2024-10-13T21:41:41
01,79001112233,79003334455,2024-10-14T14:07:37,2024-10-14T14:12:47
02,79004445566,79001112233,2024-10-16T04:03:05,2024-10-16T05:00:06
02,79001112233,79007778899,2024-10-16T09:39:49,2024-10-16T10:19:09
02,79001112233,79006667788,2024-10-16T10:36:06,2024-10-16T11:22:27
01,79001112233,79009990011,2024-10-17T19:17:42,2024-10-17T19:44:31
02,79001112233,79002223344,2024-10-17T22:42:49,2024-10-17T23:02:36
02,79008889900,79001112233,2024-10-18T00:21:52,2024-10-18T01:12:05
01,79006667788,79001112233,2024-10-19T07:16:51,2024-10-19T07:55:13
02,79001112233,79003334455,2024-10-21T12:01:07,2024-10-21T12:19:18
01,79001112233,79006667788,2024-10-21T12:56:31,2024-10-21T13:41:16
01,79007778899,79001112233,2024-10-21T18:54:33,2024-10-21T19:02:33
01,79008889900,79001112233,2024-10-24T17:37:01,2024-10-24T17:57:33
01,79002223344,79001112233,2024-10-25T18:09:38,2024-10-25T18:58:18
01,79002223344,79001112233,2024-10-25T20:27:43,2024-10-25T21:17:41
02,79001112233,79003334455,2024-10-26T17:07:32,2024-10-26T17:19:46
02,79001112233,79003334455,2024-10-26T22:05:30,2024-10-26T22:38:20
02,79001112233,79008889900,2024-10-27T03:07:28,2024-10-27T03:46:58
02,79001112233,79005556677,2024-10-27T14:09:22,2024-10-27T14:46:03
01,79008889900,79001112233,2024-10-27T17:17:42,2024-10-27T17:32:22
02,79002223344,79001112233,2024-10-29T21:21:44,2024-10-29T22:19:22
02,79001112233,79006667788,2024-10-30T20:27:53,2024-10-30T21:09:10
02,79001112233,79003334455,2024-10-31T07:47:12,2024-10-31T08:12:53
02,79001112233,79008889900,2024-10-31T15:04:56,2024-10-31T15:52:51
02,79003334455,79001112233,2024-10-31T15:20:36,2024-10-31T15:42:11
02,79001112233,79008889900,2024-10-31T21:12:16,2024-10-31T21:51:36
01,79002223344,79001112233,2024-11-01T10:08:06,2024-11-01T10:28:11
01,79001112233,79005556677,2024-11-02T02:48:43,2024-11-02T02:52:23
01,79001112233,79007778899,2024-11-04T12:49:07,2024-11-04T13:35:21
02,79001112233,79000001122,2024-11-04T18:56:36,2024-11-04T19:47:21
01,79009990011,79001112233,2024-11-06T07:20:03,2024-11-06T07:45:37
01,79005556677,79001112233,2024-11-06T14:42:29,2024-11-06T14:51:58
02,79001112233,79009990011,2024-11-07T18:42:38,2024-11-07T18:59:05
02,79000001122,79001112233,2024-11-10T04:16:19,2024-11-10T05:10:14
02,79003334455,79001112233,2024-11-10T12:14:54,2024-11-10T13:00:03
01,79007778899,79001112233,2024-11-11T00:29:27,2024-11-11T00:58:24
02,79001112233,79009990011,2024-11-11T01:49:17,2024-11-11T02:19:12
01,79001112233,79007778899,2024-11-12T04:01:38,2024-11-12T04:22:40
02,79005556677,79001112233,2024-11-12T06:46:54,2024-11-12T07:01:23
02,79004445566,79001112233,2024-11-12T07:09:44,2024-11-12T07:46:22
01,79001112233,79008889900,2024-11-12T13:38:14,2024-11-12T13:38:34
01,79009990011,79001112233,2024-11-12T17:16:54,2024-11-12T17:35:42
02,79000001122,79001112233,2024-11-12T23:54:32,2024-11-13T00:09:24
02,79001112233,79008889900,2024-11-13T06:19:46,2024-11-13T06:57:51
01,79001112233,79009990011,2024-11-13T21:16:17,2024-11-13T21:30:18
01,79001112233,79000001122,2024-11-14T00:45:53,2024-11-14T01:36:46
01,79005556677,79001112233,2024-11-14T14:12:48,2024-11-14T14:45:06
02,79007778899,79001112233,2024-11-15T15:42:37,2024-11-15T15:53:01
01,79001112233,79002223344,2024-11-16T21:02:22,2024-11-16T22:01:33
01,79008889900,79001112233,2024-11-18T17:53:11,2024-11-18T18:01
01,79001112233,79008889900,2024-11-19T08:07:04,2024-11-19T09:02:25
01,79001112233,79005556677,2024-11-19T19:30:47,2024-11-19T20:16:26
01,79001112233,79002223344,2024-11-20T01:32:22,2024-11-20T01:39:18
01,79001112233,79004445566,2024-11-22T09:44:17,2024-11-22T10:30:31
02,79006667788,79001112233,2024-11-22T12:14:05,2024-11-22T12:30:45
01,79002223344,79001112233,2024-11-23T00:30:28,2024-11-23T00:51:37
01,79005556677,79001112233,2024-11-23T08:38:30,2024-11-23T09:00:43
02,79007778899,79001112233,2024-11-23T09:15:30,2024-11-23T10:05:02
01,79001112233,79008889900,2024-11-24T03:28:10,2024-11-24T04:15:22
01,79001112233,79009990011,2024-11-24T12:57:55,2024-11-24T13:37:37
02,79003334455,79001112233,2024-11-24T16:11:27,2024-11-24T16:44:54
01,79001112233,79006667788,2024-11-25T00:21:24,2024-11-25T01:08:11
02,79001112233,79007778899,2024-11-25T10:25:45,2024-11-25T10:32:46
01,79001112233,79008889900,2024-11-26T02:53:16,2024-11-26T03:52:41
02,79001112233,79002223344,2024-11-26T10:15:11,2024-11-26T10:41:04
02,79001112233,79008889900,2024-11-26T18:07:09,2024-11-26T18:46:16
02,79001112233,79004445566,2024-11-27T04:25:41,2024-11-27T04:46:55
01,79001112233,79002223344,2024-11-27T09:11:40,2024-11-27T09:42:40
02,79008889900,79001112233,2024-11-27T11:04:22,2024-11-27T11:36:44
02,79001112233,79002223344,2024-11-27T13:47:22,2024-11-27T13:55:46
02,79009990011,79001112233,2024-11-27T15:07:19,2024-11-27T15:32:23
02,79002223344,79001112233,2024-11-27T19:09:04,2024-11-27T20:04:01
01,79002223344,79001112233,2024-11-28T04:18,2024-11-28T04:45:02
01,79001112233,79005556677,2024-11-29T14:57:27,2024-11-29T15:22:41
02,79001112233,79008889900,2024-11-30T19:27:37,2024-11-30T19:43:34
02,79005556677,79001112233,2024-12-01T03:45:36,2024-12-01T04:25:40
02,79000001122,79001112233,2024-12-01T05:17:54,2024-12-01T06:00:10
02,79002223344,79001112233,2024-12-03T02:13:23,2024-12-03T02:18:17
01,79001112233,79002223344,2024-12-03T09:23:54,2024-12-03T10:21:29
01,79001112233,79006667788,2024-12-04T07:58:58,2024-12-04T08:52:45
01,79002223344,79001112233,2024-12-04T20:05,2024-12-04T20:20:29
01,79001112233,79009990011,2024-12-04T20:05:08,2024-12-04T20:17:10
02,79001112233,79006667788,2024-12-04T20:26:14,2024-12-04T21:06:08
02,79001112233,79003334455,2024-12-04T21:38:56,2024-12-04T22:08:11
01,79001112233,79008889900,2024-12-05T08:54:01,2024-12-05T09:10:47
01,79001112233,79006667788,2024-12-05T19:49:40,2024-12-05T19:58:49
01,79001112233,79002223344,2024-12-07T03:18:36,2024-12-07T04:15:50
01,79001112233,79007778899,2024-12-07T14:19:28,2024-12-07T14:20:37
02,79009990011,79001112233,2024-12-08T04:55:28,2024-12-08T05:38:29
02,79001112233,79003334455,2024-12-08T10:25:29,2024-12-08T10:49:44
02,79001112233,79005556677,2024-12-08T15:55:58,2024-12-08T16:45:26
01,79008889900,79001112233,2024-12-09T02:22:45,2024-12-09T02:26:10
02,79001112233,79008889900,2024-12-09T21:18:06,2024-12-09T21:18:49
01,79001112233,79003334455,2024-12-10T00:27:36,2024-12-10T00:52:01
01,79003334455,79001112233,2024-12-10T10:21:05,2024-12-10T11:19:26
01,79002223344,79001112233,2024-12-11T10:52:31,2024-12-11T11:11:03
02,79007778899,79001112233,2024-12-11T10:52:47,2024-12-11T11:34:35
01,79003334455,79001112233,2024-12-11T19:12:37,2024-12-11T19:48:29
02,79000001122,79001112233,2024-12-12T15:15:42,2024-12-12T15:43:17
02,79005556677,79001112233,2024-12-13T08:19:47,2024-12-13T08:40:12
01,79003334455,79001112233,2024-12-13T18:46:31,2024-12-13T19:39:33
02,79001112233,79004445566,2024-12-14T02:37:12,2024-12-14T02:54:30
01,79001112233,79009990011,2024-12-15T11:30:27,2024-12-15T12:22:04
01,79001112233,79000001122,2024-12-15T13:55:55,2024-12-15T14:31:01
02,79005556677,79001112233,2024-12-15T19:46:17,2024-12-15T20:22:19
02,79007778899,79001112233,2024-12-16T14:18:46,2024-12-16T14:23:52
02,79001112233,79009990011,2024-12-16T15:38:43,2024-12-16T16:21:27
02,79001112233,79009990011,2024-12-16T19:47:17,2024-12-16T20:16:27
02,79009990011,79001112233,2024-12-17T15:11:37,2024-12-17T15:31:14
01,79001112233,79005556677,2024-12-18T14:08:43,2024-12-18T14:13:48
02,79001112233,79006667788,2024-12-18T21:26:28,2024-12-18T21:41:52
01,79008889900,79001112233,2024-12-19T06:19:08,2024-12-19T07:03:01
02,79001112233,79000001122,2024-12-19T06:51:47,2024-12-19T07:04:19
01,79001112233,79004445566,2024-12-19T23:42:47,2024-12-20T00:24:06
01,79004445566,79001112233,2024-12-20T00:31:27,2024-12-20T01:27:02
01,79006667788,79001112233,2024-12-20T19:43:25,2024-12-20T19:54:06
02,79009990011,79001112233,2024-12-21T07:14:17,2024-12-21T07:54:38
01,79007778899,79001112233,2024-12-21T11:56:20,2024-12-21T12:35:28
01,79001112233,79008889900,2024-12-22T14:13:51,2024-12-22T14:38
02,79001112233,79002223344,2024-12-22T15:52:35,2024-12-22T16:35:22
01,79001112233,79000001122,2024-12-23T08:23:36,2024-12-23T09:22:04
01,79001112233,79009990011,2024-12-25T00:10:24,2024-12-25T00:37:06
01,79001112233,79006667788,2024-12-26T21:16:11,2024-12-26T22:14:17
01,79000001122,79001112233,2024-12-26T21:49:37,2024-12-26T22:16:36
01,79001112233,79005556677,2024-12-29T01:07:03,2024-12-29T01:07:37
01,79001112233,79007778899,2024-12-29T05:28:09,2024-12-29T05:39:08
02,79003334455,79001112233,2024-12-30T07:55:23,2024-12-30T08:38:16
02,79001112233,79009990011,2024-12-31T20:01:57,2024-12-31T20:46:09
01,79001112233,79009990011,2025-01-01T22:34:51,2025-01-01T23:20:07
01,79004445566,79001112233,2025-01-02T19:47:49,2025-01-02T20:41:06
01,79001112233,79000001122,2025-01-02T22:16:07,2025-01-02T23:12:21
01,79001112233,79000001122,2025-01-03T13:35:51,2025-01-03T14:22:02
02,79004445566,79001112233,2025-01-03T22:37:49,2025-01-03T22:51:35
02,79001112233,79003334455,2025-01-04T11:38:25,2025-01-04T12:15:37
02,79001112233,79003334455,2025-01-04T22:59:08,2025-01-04T23:09:12
01,79008889900,79001112233,2025-01-05T00:20:06,2025-01-05T01:00:19
01,79001112233,79005556677,2025-01-05T07:50:46,2025-01-05T08:47:48
02,79001112233,79003334455,2025-01-06T05:39:29,2025-01-06T05:46:53
01,79007778899,79001112233,2025-01-06T21:37:36,2025-01-06T21:57:12
02,79002223344,79001112233,2025-01-07T01:28:40,2025-01-07T01:30:29
01,79005556677,79001112233,2025-01-07T03:47:18,2025-01-07T04:15:12
01,79001112233,79006667788,2025-01-07T09:12:10,2025-01-07T10:02:09
01,79001112233,79002223344,2025-01-09T23:50:35,2025-01-10T00:16:08
02,79001112233,79002223344,2025-01-10T17:38:44,2025-01-10T17:57:59
01,79008889900,79001112233,2025-01-10T23:22:50,2025-01-11T00:19:52
01,79006667788,79001112233,2025-01-11T01:03:48,2025-01-11T01:32:11
02,79004445566,79001112233,2025-01-11T13:39:17,2025-01-11T14:36:05
02,79001112233,79009990011,2025-01-12T13:26:49,2025-01-12T14:11:46
02,79001112233,79008889900,2025-01-13T05:28:15,2025-01-13T06:16:49
01,79002223344,79001112233,2025-01-13T10:00:37,2025-01-13T10:56:03
01,79001112233,79006667788,2025-01-13T13:20:33,2025-01-13T13:42:52
02,79005556677,79001112233,2025-01-14T13:53:32,2025-01-14T14:36:07
02,79001112233,79002223344,2025-01-14T15:35:14,2025-01-14T16:29:29
02,79001112233,79003334455,2025-01-14T19:02:06,2025-01-14T19:13:01
01,79008889900,79001112233,2025-01-14T22:14:37,2025-01-14T22:40:30
01,79001112233,79000001122,2025-01-15T06:50:13,2025-01-15T07:31:49
01,79001112233,79007778899,2025-01-16T10:40:39,2025-01-16T10:45:16
01,79007778899,79001112233,2025-01-18T08:20:18,2025-01-18T09:13:51
01,79006667788,79001112233,2025-01-19T08:08:31,2025-01-19T08:19:19
01,79005556677,79001112233,2025-01-20T15:29:20,2025-01-20T16:02:11
02,79001112233,79009990011,2025-01-21T01:24:22,2025-01-21T02:22:10
02,79001112233,79009990011,2025-01-22T05:22:55,2025-01-22T06:02:56
02,79001112233,79002223344,2025-01-23T10:31:37,2025-01-23T11:06:54
02,79008889900,79001112233,2025-01-24T19:34:26,2025-01-24T20:30:46
01,79002223344,79001112233,2025-01-25T04:06:31,2025-01-25T04:20:51
02,79001112233,79008889900,2025-01-25T15:59:32,2025-01-25T16:34:15
02,79001112233,79002223344,2025-01-25T16:05:34,2025-01-25T16:52:25
01,79002223344,79001112233,2025-01-25T18:08:03,2025-01-25T18:54:53
01,79009990011,79001112233,2025-01-25T23:44:09,2025-01-25T23:56:12
01,79001112233,79009990011,2025-01-28T00:00:24,2025-01-28T00:12:49
01,79006667788,79001112233,2025-01-28T01:21:58,2025-01-28T02:20:53
01,79001112233,79005556677,2025-01-28T04:47:03,2025-01-28T05:07:31
02,79008889900,79001112233,2025-01-28T23:44:03,2025-01-29T00:01:21
02,79001112233,79009990011,2025-01-29T01:52:28,2025-01-29T02:23:51
01,79003334455,79001112233,2025-01-29T19:23:59,2025-01-29T19:49:56
02,79001112233,79004445566,2025-01-30T06:41:51,2025-01-30T07:37:46
01,79000001122,79001112233,2025-01-30T19:22:25,2025-01-30T20:13:44
02,79001112233,79002223344,2025-01-31T23:55:30,2025-02-01T00:09:35
02,79001112233,79006667788,2025-02-01T03:48:25,2025-02-01T04:23:31
01,79009990011,79001112233,2025-02-01T13:58:48,2025-02-01T14:40:39
02,79005556677,79001112233,2025-02-01T14:55:35,2025-02-01T15:09:54
01,79002223344,79001112233,2025-02-01T23:35:47,2025-02-02T00:28:51
01,79001112233,79003334455,2025-02-02T01:02:11,2025-02-02T01:05:41
02,79009990011,79001112233,2025-02-04T03:50:30,2025-02-04T03:56:31
01,79001112233,79003334455,2025-02-04T05:54:46,2025-02-04T06:36:08
02,79000001122,79001112233,2025-02-05T02:26:06,2025-02-05T02:35:08
01,79009990011,79001112233,2025-02-05T20:42:30,2025-02-05T21:38:45
01,79004445566,79001112233,2025-02-06T11:04:25,2025-02-06T11:22:34
01,79008889900,79001112233,2025-02-07T02:54:44,2025-02-07T03:34:07
02,79001112233,79003334455,2025-02-08T11:30:36,2025-02-08T11:41:14
01,79009990011,79001112233,2025-02-08T17:02:13,2025-02-08T17:35:26
01,79004445566,79001112233,2025-02-08T22:04:33,2025-02-08T22:23:51
01,79007778899,79001112233,2025-02-08T22:54:53,2025-02-08T23:42:44
01,79002223344,79001112233,2025-02-09T09:25:32,2025-02-09T10:06:56
02,79001112233,79000001122,2025-02-10T01:15:38,2025-02-10T01:39:47
01,79008889900,79001112233,2025-02-10T01:52:05,2025-02-10T02:20:16
01,79001112233,79000001122,2025-02-10T06:52:20,2025-02-10T07:30:12
02,79000001122,79001112233,2025-02-10T17:08:28,2025-02-10T17:41:05
02,79004445566,79001112233,2025-02-12T05:49:30,2025-02-12T06:13:43
02,79009990011,79001112233,2025-02-12T07:50:15,2025-02-12T08:27:07
01,79003334455,79001112233,2025-02-13T11:49:24,2025-02-13T12:32:36
01,79007778899,79001112233,2025-02-14T01:03:06,2025-02-14T01:45:12
02,79001112233,79008889900,2025-02-14T17:34:17,2025-02-14T17:43:14
01,79003334455,79001112233,2025-02-16T06:25:58,2025-02-16T07:16:14
01,79001112233,79003334455,2025-02-16T12:53:53,2025-02-16T13:39:46
01,79001112233,79005556677,2025-02-17T02:26:01,2025-02-17T02:36:28
02,79001112233,79005556677,2025-02-17T07:52:28,2025-02-17T08:02:58
02,79001112233,79006667788,2025-02-19T00:06:40,2025-02-19T00:21:56
01,79001112233,79006667788,2025-02-19T16:57:05,2025-02-19T16:58:03
01,79001112233,79008889900,2025-02-19T17:57:49,2025-02-19T18:00:38
01,79001112233,79002223344,2025-02-19T21:29:27,2025-02-19T22:29:22
02,79002223344,79001112233,2025-02-20T09:29:21,2025-02-20T09:37:56
02,79001112233,79006667788,2025-02-21T02:11:06,2025-02-21T02:49:54
02,79008889900,79001112233,2025-02-21T15:35:36,2025-02-21T15:56:38
01,79003334455,79001112233,2025-02-22T09:21:42,2025-02-22T09:39:53
01,79001112233,79004445566,2025-02-22T16:53:48,2025-02-22T17:27:05
01,79009990011,79001112233,2025-02-23T03:11:10,2025-02-23T03:55:50
02,79001112233,79005556677,2025-02-23T07:38:32,2025-02-23T08:32:12
01,79001112233,79007778899,2025-02-24T08:30:21,2025-02-24T08:52:56
02,79001112233,79005556677,2025-02-27T01:42:03,2025-02-27T02:28:47
01,79007778899,79001112233,2025-02-27T16:12:13,2025-02-27T17:10:04
01,79006667788,79001112233,2025-02-28T18:56:28,2025-02-28T19:51:50
02,79007778899,79001112233,2025-03-01T00:22:20,2025-03-01T01:06:38
01,79001112233,79005556677,2025-03-01T08:16:40,2025-03-01T08:34:17
01,79001112233,79009990011,2025-03-01T12:51:05,2025-03-01T13:34:08
01,79001112233,79002223344,2025-03-02T04:49:40,2025-03-02T05:31:55
02,79000001122,79001112233,2025-03-03T10:31:16,2025-03-03T11:23:14
02,79001112233,79008889900,2025-03-03T14:41:39,2025-03-03T15:07:21
01,79002223344,79001112233,2025-03-03T17:35:23,2025-03-03T18:30:49
01,79006667788,79001112233,2025-03-04T03:02:59,2025-03-04T03:38:21
01,79000001122,79001112233,2025-03-04T18:48:11,2025-03-04T19:10:55
01,79001112233,79007778899,2025-03-04T20:54:10,2025-03-04T21:36:24
01,79001112233,79002223344,2025-03-08T14:20:26,2025-03-08T14:58:04
02,79001112233,79009990011,2025-03-08T20:51:22,2025-03-08T21:36:57
02,79000001122,79001112233,2025-03-09T02:10:34,2025-03-09T02:52:42
02,79001112233,79008889900,2025-03-09T12:47:42,2025-03-09T13:28:20
01,79001112233,79005556677,2025-03-09T15:00:12,2025-03-09T15:53:19
02,79007778899,79001112233,2025-03-11T20:33:31,2025-03-11T20:44:53
01,79009990011,79001112233,2025-03-11T23:42:30,2025-03-12T00:00:08
01,79001112233,79007778899,2025-03-12T19:17:11,2025-03-12T20:08:12
01,79001112233,79007778899,2025-03-13T07:58:56,2025-03-13T08:00:26
02,79001112233,79009990011,2025-03-14T20:45:48,2025-03-14T21:01:29
02,79009990011,79001112233,2025-03-17T00:08:02,2025-03-17T00:51:04
02,79001112233,79003334455,2025-03-17T09:30:51,2025-03-17T10:18:45
01,79009990011,79001112233,2025-03-17T21:50:52,2025-03-17T21:57:14
01,79001112233,79006667788,2025-03-18T10:06:36,2025-03-18T10:55:36
02,79001112233,79006667788,2025-03-19T07:08:30,2025-03-19T07:12:21
02,79003334455,79001112233,2025-03-19T07:54:52,2025-03-19T08:52:03
02,79007778899,79001112233,2025-03-20T23:06:37,2025-03-21T00:02:48
