02,79001112233,79005556677,2024-03-24T03:29:43,2024-03-24T03:54:34
01,79001112233,79006667788,2024-03-24T07:23:01,2024-03-24T07:59:06
02,79001112233,79003334455,2024-03-27T03:05:13,2024-03-27T03:43:43
01,79001112233,79008889900,2024-03-27T23:07:16,2024-03-27T23:57:13
02,79001112233,79006667788,2024-03-28T17:09:46,2024-03-28T17:28:57
02,79003334455,79001112233,2024-03-29T04:55:11,2024-03-29T05:42:58
02,79002223344,79001112233,2024-03-30T14:57:10,2024-03-30T15:27:21
02,79001112233,79002223344,2024-03-30T22:31:42,2024-03-30T23:02:11
02,79001112233,79003334455,2024-04-02T01:41:23,2024-04-02T02:25:56
01,79000001122,79001112233,2024-04-02T05:39:07,2024-04-02T06:08:25
01,79000001122,79001112233,2024-04-03T17:41:04,2024-04-03T18:09:01
02,79006667788,79001112233,2024-04-06T08:19:28,2024-04-06T08:30
02,79001112233,79005556677,2024-04-06T16:46:47,2024-04-06T17:23:24
01,79001112233,79008889900,2024-04-07T03:39:21,2024-04-07T04:05:08
01,79001112233,79003334455,2024-04-07T07:35:20,2024-04-07T08:04:45
01,79005556677,79001112233,2024-04-07T09:46:17,2024-04-07T10:31:39
02,79005556677,79001112233,2024-04-08T03:07:02,2024-04-08T03:08:33
02,79009990011,79001112233,2024-04-09T02:38:35,2024-04-09T03:24:02
01,79003334455,79001112233,2024-04-10T13:12:30,2024-04-10T13:53:25
02,79001112233,79008889900,2024-04-13T03:31:04,2024-04-13T03:34:03
02,79006667788,79001112233,2024-04-14T13:42:23,2024-04-14T14:07:24
02,79001112233,79003334455,2024-04-15T01:44:33,2024-04-15T02:25:57
01,79001112233,79004445566,2024-04-16T03:36:33,2024-04-16T04:33:52
02,79001112233,79002223344,2024-04-16T04:15:19,2024-04-16T04:44:01
02,79007778899,79001112233,2024-04-16T23:29:01,2024-04-17T00:06:04
01,79006667788,79001112233,2024-04-17T11:58:31,2024-04-17T12:52:39
01,79001112233,79003334455,2024-04-17T20:06:11,2024-04-17T20:48:41
02,79002223344,79001112233,2024-04-18T13:44:08,2024-04-18T13:55:12
02,79001112233,79008889900,2024-04-19T06:44:44,2024-04-19T07:25:16
02,79001112233,79004445566,2024-04-19T10:34:44,2024-04-19T11:07:16
02,79000001122,79001112233,2024-04-23T12:16:27,2024-04-23T12:26
02,79001112233,79000001122,2024-04-23T22:13:28,2024-04-23T22:34:21
02,79000001122,79001112233,2024-04-25T03:11:31,2024-04-25T03:37:40
01,79006667788,79001112233,2024-04-25T03:50:39,2024-04-25T04:42:01
02,79000001122,79001112233,2024-04-25T10:52:53,2024-04-25T11:13:56
02,79001112233,79005556677,2024-04-27T04:55:44,2024-04-27T05:03:44
02,79001112233,79007778899,2024-04-27T07:49:42,2024-04-27T08:12:35
02,79001112233,79005556677,2024-04-27T11:05:11,2024-04-27T11:14:49
02,79007778899,79001112233,2024-04-30T06:12:09,2024-04-30T06:31:22
02,79008889900,79001112233,2024-05-01T10:47:30,2024-05-01T11:23:21
01,79007778899,79001112233,2024-05-01T11:14:15,2024-05-01T12:05:57
02,79001112233,79002223344,2024-05-01T22:51:34,2024-05-01T23:36:04
02,79006667788,79001112233,2024-05-02T19:32:52,2024-05-02T19:53:47
02,79004445566,79001112233,2024-05-03T06:30:34,2024-05-03T07:27:26
02,79001112233,79003334455,2024-05-03T20:20:14,2024-05-03T21:19:41
02,79009990011,79001112233,2024-05-05T13:37:50,2024-05-05T14:09:11
02,79004445566,79001112233,2024-05-05T23:51:40,2024-05-06T00:46:15
01,79000001122,79001112233,2024-05-06T03:27:26,2024-05-06T04:05:03
01,79001112233,79002223344,2024-05-06T21:30:14,2024-05-06T21:37:36
01,79005556677,79001112233,2024-05-07T21:53:20,2024-05-07T22:46:58
02,79001112233,79007778899,2024-05-12T17:11:52,2024-05-12T17:48:56
01,79006667788,79001112233,2024-05-15T13:05:42,2024-05-15T13:54:51
02,79001112233,79005556677,2024-05-16T05:04:37,2024-05-16T05:11:11
02,79001112233,79004445566,2024-05-16T23:32:17,2024-05-16T23:37:49
02,79001112233,79004445566,2024-05-17T05:49:48,2024-05-17T06:25:26
02,79001112233,79008889900,2024-05-17T08:42:34,2024-05-17T09:04:23
02,79008889900,79001112233,2024-05-17T15:30:22,2024-05-17T16:08:53
02,79003334455,79001112233,2024-05-20T01:53:47,2024-05-20T02:18:58
02,79001112233,79002223344,2024-05-22T02:46:55,2024-05-22T03:17:08
01,79001112233,79008889900,2024-05-23T04:58:18,2024-05-23T05:54:29
02,79008889900,79001112233,2024-05-23T11:34:56,2024-05-23T11:40:18
02,79005556677,79001112233,2024-05-23T17:12:37,2024-05-23T17:25:09
01,79001112233,79000001122,2024-05-24T20:11:14,2024-05-24T20:15:15
02,79003334455,79001112233,2024-05-26T16:07:31,2024-05-26T16:17:45
01,79001112233,79007778899,2024-05-26T23:29:11,2024-05-27T00:14:29
01,79005556677,79001112233,2024-05-27T08:15:11,2024-05-27T08:25:25
02,79000001122,79001112233,2024-05-28T01:21:17,2024-05-28T01:52:02
02,79001112233,79006667788,2024-05-28T03:00:07,2024-05-28T03:18:37
01,79001112233,79003334455,2024-05-30T08:16:35,2024-05-30T09:14:25
02,79001112233,79004445566,2024-06-02T23:33:46,2024-06-02T23:37:09
01,79008889900,79001112233,2024-06-04T12:02:54,2024-06-04T12:27:09
02,79001112233,79003334455,2024-06-05T07:26:58,2024-06-05T07:44:02
01,79001112233,79007778899,2024-06-06T15:16:18,2024-06-06T15:38:57
01,79001112233,79000001122,2024-06-08T00:29:18,2024-06-08T00:54:37
02,79006667788,79001112233,2024-06-08T14:55:17,2024-06-08T15:16:16
01,79001112233,79009990011,2024-06-11T00:47:45,2024-06-11T00:53:39
01,79001112233,79004445566,2024-06-11T07:20:52,2024-06-11T07:54:03
02,79005556677,79001112233,2024-06-11T16:06:40,2024-06-11T16:18:32
02,79006667788,79001112233,2024-06-12T06:12,2024-06-12T06:41:17
02,79009990011,79001112233,2024-06-12T11:10:12,2024-06-12T11:25:16
01,79004445566,79001112233,2024-06-12T14:30:42,2024-06-12T15:02:29
02,79001112233,79004445566,2024-06-12T22:48:56,2024-06-12T23:36:25
01,79009990011,79001112233,2024-06-14T21:24:25,2024-06-14T21:40:48
01,79001112233,79006667788,2024-06-15T10:58:02,2024-06-15T11:26:58
02,79001112233,79009990011,2024-06-15T17:01:13,2024-06-15T17:42:47
01,79001112233,79002223344,2024-06-15T17:03:19,2024-06-15T17:50:18
02,79001112233,79000001122,2024-06-15T21:37:42,2024-06-15T21:57:40
02,79005556677,79001112233,2024-06-20T10:28:06,2024-06-20T10:40:29
02,79001112233,79007778899,2024-06-22T00:12:26,2024-06-22T01:10:30
02,79001112233,79002223344,2024-06-22T11:57:13,2024-06-22T12:11:38
01,79001112233,79009990011,2024-06-22T18:06:10,2024-06-22T18:14:25
02,79000001122,79001112233,2024-06-23T07:00:02,2024-06-23T07:28:19
01,79004445566,79001112233,2024-06-24T09:56:29,2024-06-24T10:35:10
02,79001112233,79002223344,2024-06-25T07:33:42,2024-06-25T08:29:20
01,79002223344,79001112233,2024-06-27T04:07:14,2024-06-27T04:29:59
02,79001112233,79002223344,2024-06-27T13:36:53,2024-06-27T13:47:06
02,79001112233,79005556677,2024-06-28T03:39:47,2024-06-28T03:43:18
02,79001112233,79007778899,2024-06-28T23:19:06,2024-06-28T23:53:22
01,79001112233,79008889900,2024-06-29T02:25:07,2024-06-29T02:26:30
02,79001112233,79007778899,2024-07-01T11:44:24,2024-07-01T12:18:14
01,79001112233,79008889900,2024-07-01T14:14:21,2024-07-01T14:43:31
01,79000001122,79001112233,2024-07-02T08:02:25,2024-07-02T08:05:12
01,79000001122,79001112233,2024-07-03T09:27:27,2024-07-03T09:57:30
02,79001112233,79002223344,2024-07-03T18:43:34,2024-07-03T19:29:10
01,79001112233,79004445566,2024-07-04T05:32:15,2024-07-04T06:05:55
01,79007778899,79001112233,2024-07-04T11:42:01,2024-07-04T11:44:03
01,79006667788,79001112233,2024-07-06T00:42:42,2024-07-06T00:59:35
01,79000001122,79001112233,2024-07-06T18:40:26,2024-07-06T18:46:12
02,79001112233,79000001122,2024-07-07T04:18:38,2024-07-07T04:37:54
01,79005556677,79001112233,2024-07-08T14:16:51,2024-07-08T14:53:16
02,79001112233,79002223344,2024-07-11T04:20:52,2024-07-11T04:58:04
02,79003334455,79001112233,2024-07-11T17:10:56,2024-07-11T17:20:25
02,79001112233,79000001122,2024-07-12T18:37:11,2024-07-12T19:23:06
01,79001112233,79000001122,2024-07-13T18:05:10,2024-07-13T18:08:48
02,79001112233,79009990011,2024-07-14T01:21:33,2024-07-14T01:28:51
02,79001112233,79002223344,2024-07-14T04:58:56,2024-07-14T05:03:22
02,79001112233,79003334455,2024-07-15T04:39:24,2024-07-15T04:55:55
02,79009990011,79001112233,2024-07-16T22:35:47,2024-07-16T22:37:33
02,79007778899,79001112233,2024-07-17T16:23:58,2024-07-17T17:07:56
01,79001112233,79007778899,2024-07-18T14:26:37,2024-07-18T14:29:10
02,79008889900,79001112233,2024-07-18T17:03:05,2024-07-18T17:34:09
01,79001112233,79003334455,2024-07-19T23:24:32,2024-07-19T23:40:12
02,79006667788,79001112233,2024-07-22T06:54:28,2024-07-22T07:14:43
02,79000001122,79001112233,2024-07-24T04:58:54,2024-07-24T05:46:07
01,79001112233,79003334455,2024-07-27T10:01:31,2024-07-27T10:40:43
02,79001112233,79003334455,2024-07-27T15:32:37,2024-07-27T15:45:32
01,79008889900,79001112233,2024-07-27T19:21:48,2024-07-27T20:19:54
02,79008889900,79001112233,2024-07-28T19:19:10,2024-07-28T19:38:30
01,79001112233,79006667788,2024-08-02T19:40:03,2024-08-02T20:02:21
02,79001112233,79005556677,2024-08-03T14:07:44,2024-08-03T14:59:50
01,79001112233,79002223344,2024-08-06T10:20:14,2024-08-06T10:31
02,79001112233,79008889900,2024-08-07T22:10:50,2024-08-07T22:53:03
01,79009990011,79001112233,2024-08-08T14:10:39,2024-08-08T14:39:44
02,79001112233,79008889900,2024-08-08T15:54:44,2024-08-08T16:40:52
02,79005556677,79001112233,2024-08-08T21:38:06,2024-08-08T21:40:44
01,79000001122,79001112233,2024-08-10T05:08:45,2024-08-10T05:34:56
02,79009990011,79001112233,2024-08-11T10:33:24,2024-08-11T10:38:29
01,79001112233,79005556677,2024-08-12T03:37:23,2024-08-12T03:46:06
01,79006667788,79001112233,2024-08-12T07:19:13,2024-08-12T07:51:13
02,79001112233,79000001122,2024-08-13T10:45:26,2024-08-13T11:20:13
01,79005556677,79001112233,2024-08-13T11:54:50,2024-08-13T12:06:46
01,79002223344,79001112233,2024-08-14T03:44:38,2024-08-14T03:49:17
02,79009990011,79001112233,2024-08-14T05:47:59,2024-08-14T06:38:39
02,79003334455,79001112233,2024-08-15T10:44:32,2024-08-15T10:48:33
02,79005556677,79001112233,2024-08-18T07:31:45,2024-08-18T08:04:46
01,79001112233,79003334455,2024-08-20T09:43:40,2024-08-20T10:06:38
01,79001112233,79008889900,2024-08-21T11:08:04,2024-08-21T11:44:36
02,79006667788,79001112233,2024-08-21T22:31:05,2024-08-21T22:58:37
01,79005556677,79001112233,2024-08-23T02:30:04,2024-08-23T02:31:59
01,79001112233,79009990011,2024-08-23T13:38:57,2024-08-23T14:25:29
01,79002223344,79001112233,2024-08-23T20:39:27,2024-08-23T21:22:29
01,79001112233,79006667788,2024-08-23T21:02:33,2024-08-23T21:10:05
01,79000001122,79001112233,2024-08-24T12:40:57,2024-08-24T13:21:38
01,79001112233,79004445566,2024-08-24T14:55:38,2024-08-24T15:36:47
01,79000001122,79001112233,2024-08-25T23:16:07,2024-08-25T23:37:15
01,79001112233,79008889900,2024-08-26T19:56:09,2024-08-26T20:28:02
02,79004445566,79001112233,2024-08-27T06:37:16,2024-08-27T07:20:32
02,79001112233,79005556677,2024-08-29T17:37:32,2024-08-29T18:33:46
02,79007778899,79001112233,2024-08-31T02:40:09,2024-08-31T03:04:05
01,79007778899,79001112233,2024-09-01T02:21:01,2024-09-01T02:51:11
02,79003334455,79001112233,2024-09-03T01:53:30,2024-09-03T02:48:06
02,79006667788,79001112233,2024-09-05T04:17:59,2024-09-05T04:21:33
01,79009990011,79001112233,2024-09-05T21:45:24,2024-09-05T21:50:26
01,79004445566,79001112233,2024-09-06T17:57:07,2024-09-06T18:41:49
02,79006667788,79001112233,2024-09-07T07:38:51,2024-09-07T07:58:41
01,79001112233,79009990011,2024-09-08T05:04:07,2024-09-08T05:42:10
01,79001112233,79007778899,2024-09-08T05:05:11,2024-09-08T05:20:13
02,79002223344,79001112233,2024-09-08T20:15:58,2024-09-08T21:09:11
01,79001112233,79009990011,2024-09-09T05:21:40,2024-09-09T05:53:44
02,79004445566,79001112233,2024-09-10T08:57:12,2024-09-10T09:10:30
02,79007778899,79001112233,2024-09-11T19:17:32,2024-09-11T19:34:24
01,79005556677,79001112233,2024-09-12T05:22:19,2024-09-12T06:22:07
01,79002223344,79001112233,2024-09-13T10:28:27,2024-09-13T11:27:01
01,79004445566,79001112233,2024-09-16T02:54:28,2024-09-16T03:51:06
02,79003334455,79001112233,2024-09-16T13:00:12,2024-09-16T13:47:41
02,79001112233,79007778899,2024-09-16T17:48:01,2024-09-16T18:43:23
01,79001112233,79000001122,2024-09-16T21:45:42,2024-09-16T21:59:27
02,79006667788,79001112233,2024-09-17T05:30:45,2024-09-17T06:06
02,79001112233,79009990011,2024-09-18T16:18:32,2024-09-18T16:40:54
02,79000001122,79001112233,2024-09-18T19:37:27,2024-09-18T20:03:34
01,79001112233,79005556677,2024-09-20T14:59:58,2024-09-20T15:02:36
02,79001112233,79008889900,2024-09-21T05:45:38,2024-09-21T06:29:05
01,79004445566,79001112233,2024-09-21T20:30:24,2024-09-21T21:27:41
02,79001112233,79006667788,2024-09-22T07:49:55,2024-09-22T08:06:05
02,79001112233,79006667788,2024-09-23T02:32:11,2024-09-23T03:26:05
01,79000001122,79001112233,2024-09-23T02:42:41,2024-09-23T03:38:42
01,79001112233,79007778899,2024-09-24T16:58:42,2024-09-24T17:08:55
02,79001112233,79006667788,2024-09-28T23:43:17,2024-09-29T00:12:40
02,79001112233,79005556677,2024-09-29T07:08,2024-09-29T07:34:23
01,79001112233,79003334455,2024-10-02T17:29:03,2024-10-02T18:08:05
01,79001112233,79006667788,2024-10-03T04:26:07,2024-10-03T04:46:05
02,79000001122,79001112233,2024-10-06T13:39:18,2024-10-06T14:25:30
02,79001112233,79008889900,2024-10-07T04:15:30,2024-10-07T05:11:46
02,79001112233,79006667788,2024-10-09T04:59:14,2024-10-09T05:03:59
01,79007778899,79001112233,2024-10-09T18:12:44,2024-10-09T18:19:16
02,79002223344,79001112233,2024-10-10T05:35:39,2024-10-10T05:53:16
02,79004445566,79001112233,2024-10-10T21:18:33,2024-10-10T21:36:53
01,79005556677,79001112233,2024-10-12T12:46:47,2024-10-12T13:16:42
01,79001112233,79000001122,2024-10-13T07:44:49,2024-10-13T08:08:57
01,79001112233,79002223344,2024-10-13T07:58:58,2024-10-13T08:07:42
02,79000001122,79001112233,2024-10-15T05:50,2024-10-15T06:37:01
01,79005556677,79001112233,2024-10-18T09:13:25,2024-10-18T09:53:23
02,79004445566,79001112233,2024-10-19T19:28:15,2024-10-19T19:43:47
01,79001112233,79007778899,2024-10-20T04:47:27,2024-10-20T04:59:52
02,79000001122,79001112233,2024-10-20T11:29,2024-10-20T12:03:54
01,79002223344,79001112233,2024-10-21T04:52:16,2024-10-21T05:50:49
01,79001112233,79004445566,2024-10-22T01:24:11,2024-10-22T01:55
01,79001112233,79004445566,2024-10-22T01:30:37,2024-10-22T01:52:45
01,79001112233,79003334455,2024-10-23T12:59:38,2024-10-23T13:29:43
02,79006667788,79001112233,2024-10-24T06:50:23,2024-10-24T07:07:58
02,79000001122,79001112233,2024-10-25T08:23:27,2024-10-25T09:10
02,79001112233,79007778899,2024-10-25T18:11:25,2024-10-25T19:04:34
01,79001112233,79008889900,2024-10-29T02:37:28,2024-10-29T02:49:06
02,79007778899,79001112233,2024-10-29T05:54:40,2024-10-29T06:04:40
01,79007778899,79001112233,2024-10-29T11:50:17,2024-10-29T12:15:43
02,79007778899,79001112233,2024-10-29T19:09:37,2024-10-29T19:40:18
01,79006667788,79001112233,2024-10-30T04:54:17,2024-10-30T05:12:06
02,79001112233,79005556677,2024-10-30T22:03:28,2024-10-30T22:10:25
02,79003334455,79001112233,2024-10-30T23:17:17,2024-10-31T00:07:29
01,79001112233,79009990011,2024-11-01T01:52:10,2024-11-01T02:23:27
01,79001112233,79008889900,2024-11-01T12:40:36,2024-11-01T13:25:25
02,79002223344,79001112233,2024-11-03T19:10:51,2024-11-03T19:44:24
02,79009990011,79001112233,2024-11-05T07:50:15,2024-11-05T08:07:39
02,79001112233,79009990011,2024-11-05T20:16:30,2024-11-05T20:52:09
01,79005556677,79001112233,2024-11-06T02:50:20,2024-11-06T03:38:17
01,79001112233,79009990011,2024-11-06T20:13:55,2024-11-06T21:05:26
01,79003334455,79001112233,2024-11-06T21:25:40,2024-11-06T21:59:02
02,79005556677,79001112233,2024-11-08T04:12:03,2024-11-08T04:41:53
01,79008889900,79001112233,2024-11-09T04:50:48,2024-11-09T05:44:14
02,79001112233,79002223344,2024-11-12T09:59:11,2024-11-12T10:48:48
02,79008889900,79001112233,2024-11-12T21:50:47,2024-11-12T22:22:15
02,79006667788,79001112233,2024-11-13T01:49:26,2024-11-13T01:59:34
02,79009990011,79001112233,2024-11-13T07:30:22,2024-11-13T08:07:46
01,79002223344,79001112233,2024-11-13T09:31:29,2024-11-13T10:04:44
01,79001112233,79000001122,2024-11-14T00:01:05,2024-11-14T00:19:48
01,79008889900,79001112233,2024-11-16T01:09:13,2024-11-16T01:13:57
01,79001112233,79002223344,2024-11-17T07:25:10,2024-11-17T08:15:12
01,79002223344,79001112233,2024-11-18T15:05:32,2024-11-18T15:30:20
01,79001112233,79006667788,2024-11-21T05:01:41,2024-11-21T05:26:40
02,79001112233,79004445566,2024-11-23T02:35:29,2024-11-23T03:24:30
02,79001112233,79002223344,2024-11-24T16:30:18,2024-11-24T16:39:45
01,79007778899,79001112233,2024-11-29T07:04:11,2024-11-29T07:54:18
02,79001112233,79004445566,2024-11-30T06:23:51,2024-11-30T06:26:44
01,79001112233,79007778899,2024-11-30T19:55:46,2024-11-30T20:35:03
01,79001112233,79003334455,2024-12-01T14:08:48,2024-12-01T14:25:29
01,79002223344,79001112233,2024-12-01T15:39:47,2024-12-01T16:05:16
02,79001112233,79009990011,2024-12-01T18:58:39,2024-12-01T19:33:09
01,79008889900,79001112233,2024-12-01T19:02:10,2024-12-01T19:55:12
02,79003334455,79001112233,2024-12-01T19:46:34,2024-12-01T20:21:46
02,79007778899,79001112233,2024-12-04T00:43:16,2024-12-04T01:32:55
01,79001112233,79006667788,2024-12-04T01:09:48,2024-12-04T01:46:18
01,79006667788,79001112233,2024-12-05T02:30:49,2024-12-05T03:00:40
01,79001112233,79005556677,2024-12-05T08:14:35,2024-12-05T09:13:13
01,79008889900,79001112233,2024-12-05T10:50:22,2024-12-05T11:36:17
01,79003334455,79001112233,2024-12-05T23:03:24,2024-12-05T23:29:57
01,79000001122,79001112233,2024-12-06T06:54:21,2024-12-06T07:23:54
02,79004445566,79001112233,2024-12-09T19:20:27,2024-12-09T19:45:36
02,79001112233,79008889900,2024-12-11T21:16:16,2024-12-11T21:18:58
01,79001112233,79004445566,2024-12-12T02:39:17,2024-12-12T02:40:50
01,79001112233,79005556677,2024-12-12T11:41:06,2024-12-12T12:16:31
02,79004445566,79001112233,2024-12-12T14:32:53,2024-12-12T15:05:07
01,79001112233,79003334455,2024-12-13T07:05:03,2024-12-13T07:30:09
02,79007778899,79001112233,2024-12-13T23:27:14,2024-12-13T23:36:32
01,79007778899,79001112233,2024-12-15T05:13:07,2024-12-15T05:21:24
01,79001112233,79008889900,2024-12-15T12:33:17,2024-12-15T12:56:43
02,79009990011,79001112233,2024-12-15T13:38:23,2024-12-15T13:41:56
01,79001112233,79008889900,2024-12-17T00:51:46,2024-12-17T01:17
01,79008889900,79001112233,2024-12-17T11:53:47,2024-12-17T12:44:53
02,79001112233,79006667788,2024-12-17T15:41:53,2024-12-17T15:57:51
01,79001112233,79005556677,2024-12-18T15:53:36,2024-12-18T16:51:55
02,79006667788,79001112233,2024-12-21T19:18:20,2024-12-21T19:39:29
02,79006667788,79001112233,2024-12-22T12:18:17,2024-12-22T12:50:09
02,79001112233,79002223344,2024-12-24T09:51:50,2024-12-24T10:03:13
02,79006667788,79001112233,2024-12-24T12:18:17,2024-12-24T13:04:50
01,79001112233,79004445566,2024-12-24T14:21:55,2024-12-24T14:38:11
02,79007778899,79001112233,2024-12-25T22:41:38,2024-12-25T23:37:35
02,79001112233,79002223344,2024-12-26T02:21:25,2024-12-26T02:23:27
02,79004445566,79001112233,2024-12-27T16:16:06,2024-12-27T16:35:15
02,79001112233,79006667788,2024-12-29T21:11:17,2024-12-29T22:04:50
01,79001112233,79003334455,2024-12-29T22:58:03,2024-12-29T23:32:45
01,79001112233,79004445566,2024-12-31T07:26:31,2024-12-31T08:05:56
02,79000001122,79001112233,2024-12-31T09:35:20,2024-12-31T10:32:13
01,79001112233,79000001122,2025-01-01T03:28:36,2025-01-01T04:20:58
02,79008889900,79001112233,2025-01-01T18:16:48,2025-01-01T19:03:31
01,79002223344,79001112233,2025-01-02T16:15:42,2025-01-02T16:22:40
01,79004445566,79001112233,2025-01-03T09:41:09,2025-01-03T10:10:06
02,79007778899,79001112233,2025-01-04T10:44:33,2025-01-04T11:14:24
02,79001112233,79009990011,2025-01-05T12:41,2025-01-05T12:55:41
02,79001112233,79008889900,2025-01-05T18:09:13,2025-01-05T18:10:19
01,79001112233,79004445566,2025-01-05T22:26:06,2025-01-05T23:02:56
02,79004445566,79001112233,2025-01-06T20:24:21,2025-01-06T20:51:19
01,79008889900,79001112233,2025-01-07T01:23:16,2025-01-07T01:57:12
01,79001112233,79009990011,2025-01-09T06:36:48,2025-01-09T06:45:08
02,79009990011,79001112233,2025-01-10T14:57:47,2025-01-10T15:54:58
01,79003334455,79001112233,2025-01-11T14:05:32,2025-01-11T14:46:40
02,79003334455,79001112233,2025-01-13T02:28:52,2025-01-13T03:18:25
02,79000001122,79001112233,2025-01-14T18:34:40,2025-01-14T19:23:19
02,79001112233,79003334455,2025-01-16T14:31:30,2025-01-16T14:59:28
01,79002223344,79001112233,2025-01-16T21:08:17,2025-01-16T21:17:29
02,79001112233,79006667788,2025-01-17T08:51:21,2025-01-17T09:13:01
02,79001112233,79003334455,2025-01-17T15:19:31,2025-01-17T15:38:58
01,79001112233,79007778899,2025-01-17T22:24:43,2025-01-17T22:50:09
01,79001112233,79002223344,2025-01-20T22:18:51,2025-01-20T23:13:13
01,79001112233,79004445566,2025-01-21T11:11:26,2025-01-21T11:54:19
02,79001112233,79000001122,2025-01-22T22:35:16,2025-01-22T22:53:14
02,79001112233,79003334455,2025-01-23T19:13:47,2025-01-23T20:11:39
01,79001112233,79008889900,2025-01-27T12:40:02,2025-01-27T13:15:44
01,79009990011,79001112233,2025-01-28T04:13:11,2025-01-28T04:58:43
01,79009990011,79001112233,2025-01-28T05:01:52,2025-01-28T05:38:15
01,79001112233,79007778899,2025-01-28T07:55:58,2025-01-28T08:42:17
02,79001112233,79009990011,2025-01-28T10:59:37,2025-01-28T11:02:31
01,79001112233,79005556677,2025-01-28T23:10:16,2025-01-28T23:44:22
01,79001112233,79003334455,2025-01-29T08:51:39,2025-01-29T09:03:55
01,79001112233,79000001122,2025-01-31T06:10:53,2025-01-31T06:20:26
02,79001112233,79007778899,2025-02-02T21:11:36,2025-02-02T21:16:54
01,79009990011,79001112233,2025-02-08T20:31:33,2025-02-08T20:55:32
01,79001112233,79008889900,2025-02-09T06:54:04,2025-02-09T07:38:37
02,79009990011,79001112233,2025-02-10T03:34:32,2025-02-10T03:37:17
02,79001112233,79005556677,2025-02-11T04:54:23,2025-02-11T05:53:22
02,79005556677,79001112233,2025-02-13T15:21:25,2025-02-13T15:32:39
02,79003334455,79001112233,2025-02-15T19:37:18,2025-02-15T20:31:36
01,79001112233,79005556677,2025-02-16T21:47:39,2025-02-16T22:40:04
02,79001112233,79007778899,2025-02-18T14:50:34,2025-02-18T14:52:22
02,79001112233,79000001122,2025-02-18T22:17:10,2025-02-18T22:45:56
02,79009990011,79001112233,2025-02-18T23:59:36,2025-02-19T00:49:21
01,79001112233,79000001122,2025-02-19T18:02:36,2025-02-19T18:56:35
02,79002223344,79001112233,2025-02-22T16:31:52,2025-02-22T16:54:14
02,79006667788,79001112233,2025-02-22T19:22:05,2025-02-22T20:15:17
02,79001112233,79009990011,2025-02-24T09:47:04,2025-02-24T10:45:27
02,79001112233,79002223344,2025-02-27T12:32:26,2025-02-27T13:19:56
01,79001112233,79000001122,2025-02-28T14:48:47,2025-02-28T15:03:51
01,79001112233,79006667788,2025-03-04T17:49:24,2025-03-04T17:55:33
02,79004445566,79001112233,2025-03-05T14:31:38,2025-03-05T14:32:15
01,79001112233,79006667788,2025-03-05T14:39:29,2025-03-05T15:24:33
01,79001112233,79004445566,2025-03-07T12:08:12,2025-03-07T12:43:06
02,79008889900,79001112233,2025-03-07T21:51:44,2025-03-07T21:54:57
02,79008889900,79001112233,2025-03-09T07:32:25,2025-03-09T07:50:28
02,79001112233,79009990011,2025-03-09T18:54:47,2025-03-09T18:57:51
01,79001112233,79002223344,2025-03-11T18:35:27,2025-03-11T19:23:22
02,79000001122,79001112233,2025-03-13T06:23:40,2025-03-13T07:16:36
02,79007778899,79001112233,2025-03-15T03:36:19,2025-03-15T03:53:19
02,79007778899,79001112233,2025-03-16T00:17:19,2025-03-16T01:08:16
02,79001112233,79007778899,2025-03-16T04:54:07,2025-03-16T05:41:07
02,79001112233,79006667788,2025-03-16T14:53:49,2025-03-16T15:53:08
02,79001112233,79009990011,2025-03-17T03:59:45,2025-03-17T04:42:12
02,79000001122,79001112233,2025-03-17T16:51:57,2025-03-17T17:48:25
02,79001112233,79004445566,2025-03-17T17:11:04,2025-03-17T18:06:09
02,79001112233,79006667788,2025-03-18T00:16:51,2025-03-18T00:17:24
01,79002223344,79001112233,2025-03-18T23:11:57,2025-03-18T23:35:35
